action;name;description;parent;sort
I;Shinsengumi;test;0;0
I;ShinsengumiII;yippieyo yippeyee;0;0
I;ShinsengumiIII;yippieyo yippeyee;0;0
I;ShinsengumiIV;yippieyo yippeyee;0;0
I;ShinsengumiV;yippieyo yippeyee;0;0
I;ShinsengumiVI;yippieyo yippeyee;0;0
I;ShinsengumiVII;yippieyo yippeyee;0;0
I;ShinsengumiVIII;yippieyo yippeyee;0;0
I;ShinsengumiIX;yippieyo yippeyee;0;0
I;ShinsengumiX;yippieyo yippeyee;0;0
I;ShinsengumiXI;yippieyo yippeyee;0;0
I;ShinsengumiXII;yippieyo yippeyee;0;0
I;ShinsengumiXIII;yippieyo yippeyee;0;0
I;ShinsengumiXIV;yippieyo yippeyee;0;0
I;ShinsengumiXV;yippieyo yippeyee;0;0
I;ShinsengumiXVI;yippieyo yippeyee;0;0
I;ShinsengumiXVII;yippieyo yippeyee;0;0
I;ShinsengumiXVIII;yippieyo yippeyee;0;0
I;ShinsengumiXIX;yippieyo yippeyee;0;0
I;ShinsengumiXX;yippieyo yippeyee;0;0
I;ShinsengumiXXI;yippieyo yippeyee;0;0
I;ShinsengumiXXII;yippieyo yippeyee;0;0
I;ShinsengumiXXIII;yippieyo yippeyee;0;0
I;ShinsengumiXXIV;yippieyo yippeyee;0;0
I;ShinsengumiXXV;yippieyo yippeyee;0;0
I;ShinsengumiXXVI;yippieyo yippeyee;0;0
I;ShinsengumiXXVII;yippieyo yippeyee;0;0